Workbook

Sheet 説明
A1: このファイルについて
A2: 対象期間：2026年9月29日〜10月8日（10日間）の発生分。作成日：2026年10月9日
A3: 収集方法：信頼できる報道機関（NHK・時事通信・地方紙・地方局）と都道府県警の発表を、Web検索で見つかった範囲で収録
A5: 注意
A6: ・全件ではありません。警察庁の集計では全国で1日におよそ5〜10人が交通事故で亡くなっており、この10日間の実際の死者は概ね50〜100人程度とみられます。ここに載っているのは報道で見つかった一部です
A7: ・主に死亡事故です（けがだけの事故はほとんど報道されないため）
A8: ・「地図」列は、住所の文字列で Google マップを検索するリンクです。正確な事故地点ではありません
A10: 「確度」列の意味
A11: 確認済：報道本文の要約で、場所・日時・内容を確認できたもの
A12: 見出しのみ：ニュース一覧の見出しだけで確認したもの。発生日は掲載日から推定。詳細は出典で確認してください
A13: 要確認：報道機関以外の出典だけで確認したもの
A15: シート構成
... A17: 参考（道路交通事故以外）：踏切事故・駅構内・駐車場内・作業事故など、警察の交通事故統計に入らないもの

Sheet 事故一覧
A1: No | B1: 発生日 | C1: 曜日 | D1: 都道府県 | E1: 市区町村 | F1: 場所・道路 | G1: 地図 | H1: 事故の種類 | I1: 死者数 | J1: 負傷者数 | K1: 概要 | L1: 確度 | M1: 出典 | N1: 出典URL | O1: 備考
A2: 1 | B2: 46294 | C2: 火 | D2: 千葉県 | E2: 千葉市中央区 | F2: 蘇我・国道357号の交差点（JR蘇我駅の南約1km） | G2: =HYPERLINK("https://www.google.com/maps/search/?api=1&query=%E5%8D%83%E8%91%89%E7%9C%8C%E5%8D%83%E8%91%89%E5%B8%82%E4%B8%AD%E5%A4%AE%E5%8C%BA%20%E8%98%87%E6%88%91%20%E5%9B%BD%E9%81%93357%E5%8F%B7%E3%81%AE%E4%BA%A4%E5%B7%AE%E7%82%B9","地図") -> 地図 | H2: 車両相互（正面衝突） | I2: 3 | J2: 2 | K2: 未明、乗用車が対向車線にはみ出しトラックと正面衝突し炎上。乗用車の3人が死亡 | L2: 確認済 | M2: 時事通信 / NHK | N2: =HYPERLINK("https://www.jiji.com/jc/article?k=2026092900387&g=soc","記事を開く") -> 記事を開く
A3: 2 | B3: 46294 | C3: 火 | D3: 福岡県 | E3: 粕屋町 | F3: （道路名は報道で未確認） | G3: =HYPERLINK("https://www.google.com/maps/search/?api=1&query=%E7%A6%8F%E5%B2%A1%E7%9C%8C%E7%B2%95%E5%B1%8B%E7%94%BA","地図") -> 地図 | H3: 車両相互（正面衝突） | I3: 1 | K3: 未明、乗用車同士が正面衝突し69歳男性が死亡 | L3: 確認済 | M3: FBS福岡放送（Yahoo!ニュース経由） | N3: =HYPERLINK("https://news.google.com/read/CBMif0FVX3lxTFBzdkhIY1I4QzRMN204dE5lRWV3aDBRellDMU92NjMtTWxhZ0xjLVhMbkZMR2tGdnBIZzhBOG1mT2lTQ1R6Rno0ZUxET0FkM3VKSk5VbzRTU0U3NDRPUXZQU3BwUXpIWGlhSmFMQXNzTUJGN2NVSk9SeXJTWEVEYVE","記事を開く") -> 記事を開く
A4: 3 | B4: 46295 | C4: 水 | D4: 兵庫県 | E4: 西宮市 | F4: 国道2号（信号・横断歩道なし） | G4: =HYPERLINK("https://www.google.com/maps/search/?api=1&query=%E5%85%B5%E5%BA%AB%E7%9C%8C%E8%A5%BF%E5%AE%AE%E5%B8%82%20%E5%9B%BD%E9%81%932%E5%8F%B7","地図") -> 地図 | H4: 人対車両（横断中） | I4: 1 | K4: 国道を歩いて横断中の76歳男性が乗用車にはねられ死亡 | L4: 確認済 | M4: 神戸新聞NEXT | N4: =HYPERLINK("https://www.kobe-np.co.jp/news/richa/koutsuujiko/202610/0020879803.shtml","記事を開く") -> 記事を開く
A5: 4 | B5: 46295 | C5: 水 | D5: 長野県 | E5: 中野市 | F5: 新井・国道292号 | G5: =HYPERLINK("https://www.google.com/maps/search/?api=1&query=%E9%95%B7%E9%87%8E%E7%9C%8C%E4%B8%AD%E9%87%8E%E5%B8%82%20%E6%96%B0%E4%BA%95%20%E5%9B%BD%E9%81%93292%E5%8F%B7","地図") -> 地図 | H5: 人対車両 | I5: 1 | K5: 午後6時前、道路上にいた男性が乗用車にはねられ死亡 | L5: 確認済 | M5: NHK | N5: =HYPERLINK("https://news.web.nhk/newsweb/na/nb-1010039588","記事を開く") -> 記事を開く
A6: 5 | B6: 46296 | C6: 木 | D6: 兵庫県 | E6: 神戸市中央区 | F6: 三宮・フラワーロードの交差点（JR三ノ宮駅近く） | G6: =HYPERLINK("https://www.google.com/maps/search/?api=1&query=%E5%85%B5%E5%BA%AB%E7%9C%8C%E7%A5%9E%E6%88%B8%E5%B8%82%E4%B8%AD%E5%A4%AE%E5%8C%BA%20%E4%B8%89%E5%AE%AE%20%E3%83%95%E3%83%A9%E3%83%AF%E3%83%BC%E3%83%AD%E3%83%BC%E3%83%89%E3%81%AE%E4%BA%A4%E5%B7%AE%E7%82%B9","地図") -> 地図 | H6: 人対車両（横断歩道に車が突入） | I6: 1 | J6: 3 | K6: 午後、乗用車が横断歩道に突っ込み4人をはね、21歳女性が死亡 | L6: 確認済 | M6: NHK / 神戸新聞 | N6: =HYPERLINK("https://news.web.nhk/newsweb/na/nd-20261001de53642","記事を開く") -> 記事を開く | O6: 負傷者数は報道により3〜4人
A7: 6 | B7: 46296 | C7: 木 | D7: 愛知県 | E7: 岡崎市 | F7: 東名高速道路 下り線 | G7: =HYPERLINK("https://www.google.com/maps/search/?api=1&query=%E6%84%9B%E7%9F%A5%E7%9C%8C%E5%B2%A1%E5%B4%8E%E5%B8%82%20%E6%9D%B1%E5%90%8D%E9%AB%98%E9%80%9F%E9%81%93%E8%B7%AF%20%E4%B8%8B%E3%82%8A%E7%B7%9A","地図") -> 地図 | H7: 車両相互（渋滞最後尾への追突） | K7: 渋滞の最後尾に乗用車が追突する死亡事故 | L7: 見出しのみ | M7: 中日新聞Web（ニュース一覧） | N7: =HYPERLINK("https://www.chunichi.co.jp/aichi_news","記事を開く") -> 記事を開く | O7: 死者数・詳細は未確認
A8: 7 | B8: 46296 | C8: 木 | D8: 神奈川県 | E8: 川崎市川崎区 | F8: 東京湾アクアライン | G8: =HYPERLINK("https://www.google.com/maps/search/?api=1&query=%E7%A5%9E%E5%A5%88%E5%B7%9D%E7%9C%8C%E5%B7%9D%E5%B4%8E%E5%B8%82%E5%B7%9D%E5%B4%8E%E5%8C%BA%20%E6%9D%B1%E4%BA%AC%E6%B9%BE%E3%82%A2%E3%82%AF%E3%82%A2%E3%83%A9%E3%82%A4%E3%83%B3","地図") -> 地図 | H8: 車両相互（追突・4台） | I8: 2 | J8: 3 | K8: 大型トレーラーが渋滞の列に突っ込んだとみられ、追突されたトラックの運転手と助手席の男性が死亡 | L8: 確認済 | M8: NHK | N8: =HYPERLINK("https://news.web.nhk/newsweb/na/nd-20261001de53536","記事を開く") -> 記事を開く
A9: 8 | B9: 46296 | C9: 木 | D9: 青森県 | E9: 八戸市 | F9: 新井田・国道45号の横断歩道 | G9: =HYPERLINK("https://www.google.com/maps/search/?api=1&query=%E9%9D%92%E6%A3%AE%E7%9C%8C%E5%85%AB%E6%88%B8%E5%B8%82%20%E6%96%B0%E4%BA%95%E7%94%B0%20%E5%9B%BD%E9%81%9345%E5%8F%B7%E3%81%AE%E6%A8%AA%E6%96%AD%E6%AD%A9%E9%81%93","地図") -> 地図 | H9: 人対車両（横断中） | I9: 1 | K9: 午後7時40分ごろ、横断歩道を渡っていた52歳女性が車にはねられ死亡 | L9: 確認済 | M9: NHK / 青森朝日放送 | N9: =HYPERLINK("https://news.web.nhk/newsweb/na/nb-6080031283","記事を開く") -> 記事を開く
A10: 9 | B10: 46298 | C10: 土 | D10: 北海道 | E10: 室蘭市 | F10: 国道 | G10: =HYPERLINK("https://www.google.com/maps/search/?api=1&query=%E5%8C%97%E6%B5%B7%E9%81%93%E5%AE%A4%E8%98%AD%E5%B8%82%20%E5%9B%BD%E9%81%93","地図") -> 地図 | H10: 車両相互（3台） | I10: 1 | J10: 2 | K10: 午後、3台が関係する事故で乗用車を運転していた高齢男性が死亡 | L10: 確認済 | M10: NHK | N10: =HYPERLINK("https://news.web.nhk/newsweb/na/nd-20261004de54150","記事を開く") -> 記事を開く
A11: 10 | B11: 46298 | C11: 土 | D11: 大阪府 | E11: 堺市北区 | F11: 南花田町の路上 | G11: =HYPERLINK("https://www.google.com/maps/search/?api=1&query=%E5%A4%A7%E9%98%AA%E5%BA%9C%E5%A0%BA%E5%B8%82%E5%8C%97%E5%8C%BA%20%E5%8D%97%E8%8A%B1%E7%94%B0%E7%94%BA%E3%81%AE%E8%B7%AF%E4%B8%8A","地図") -> 地図 | H11: 人対車両（自動二輪） | I11: 1 | K11: 未明、普通自動二輪車と女性が接触し、女性が死亡 | L11: 確認済 | M11: 大阪府警察本部（発表） | N11: =HYPERLINK("https://www.police.pref.osaka.lg.jp/jiken/jiko/14349.html","記事を開く") -> 記事を開く | O11: 警察発表
A12: 11 | B12: 46299 | C12: 日 | D12: 山口県 | E12: 山口市 | F12: 江崎の国道 | G12: =HYPERLINK("https://www.google.com/maps/search/?api=1&query=%E5%B1%B1%E5%8F%A3%E7%9C%8C%E5%B1%B1%E5%8F%A3%E5%B8%82%20%E6%B1%9F%E5%B4%8E%E3%81%AE%E5%9B%BD%E9%81%93","地図") -> 地図 | H12: 車両単独（ガードレールに衝突） | I12: 1 | J12: 3 | K12: 普通乗用車がガードレール等に衝突し、同乗の60代男性が死亡 | L12: 確認済 | M12: 山口県警察（発表） | N12: =HYPERLINK("https://www.pref.yamaguchi.lg.jp/site/police/151660.html","記事を開く") -> 記事を開く | O12: 警察発表
A13: 12 | B13: 46299 | C13: 日 | D13: 広島県 | E13: 尾道市 | F13: 片側1車線の県道 | G13: =HYPERLINK("https://www.google.com/maps/search/?api=1&query=%E5%BA%83%E5%B3%B6%E7%9C%8C%E5%B0%BE%E9%81%93%E5%B8%82%20%E7%89%87%E5%81%B41%E8%BB%8A%E7%B7%9A%E3%81%AE%E7%9C%8C%E9%81%93","地図") -> 地図 | H13: 車両対自転車（追突） | I13: 1 | K13: 午後8時20分ごろ、乗用車が止まっていた自転車に追突し56歳男性が死亡 | L13: 要確認 | M13: シンク出版（交通安全コラム） | N13: =HYPERLINK("https://www.think-sp.com/2026/10/08/tw-jitensha-miotosi","記事を開く") -> 記事を開く | O13: ニュース記事で裏付けが取れていない
A14: 13 | B14: 46299 | C14: 日 | D14: 群馬県 | E14: 館林市 | F14: 県道 | G14: =HYPERLINK("https://www.google.com/maps/search/?api=1&query=%E7%BE%A4%E9%A6%AC%E7%9C%8C%E9%A4%A8%E6%9E%97%E5%B8%82%20%E7%9C%8C%E9%81%93","地図") -> 地図 | H14: 人対車両 | I14: 1 | K14: 85歳女性が乗用車にはねられ死亡 | L14: 見出しのみ | M14: 上毛新聞（記事一覧） | N14: =HYPERLINK("https://www.jomo-news.co.jp/subcategory/%E4%BA%8B%E4%BB%B6%E3%83%BB%E4%BA%8B%E6%95%85","記事を開く") -> 記事を開く | O14: 発生日は記事の掲載日から推定
A15: 14 | B15: 46299 | C15: 日 | D15: 茨城県 | E15: 土浦市 | F15: 県道の十字路 | G15: =HYPERLINK("https://www.google.com/maps/search/?api=1&query=%E8%8C%A8%E5%9F%8E%E7%9C%8C%E5%9C%9F%E6%B5%A6%E5%B8%82%20%E7%9C%8C%E9%81%93%E3%81%AE%E5%8D%81%E5%AD%97%E8%B7%AF","地図") -> 地図 | H15: 車両相互（オートバイと軽ワゴン車） | I15: 1 | K15: 午前11時20分ごろ、オートバイを運転していた44歳男性が死亡 | L15: 確認済 | M15: NHK | N15: =HYPERLINK("https://news.web.nhk/newsweb/na/nd-20261005de54731","記事を開く") -> 記事を開く
A16: 15 | B16: 46299 | C16: 日 | D16: 鳥取県 | E16: 米子市 | F16: 国道 | G16: =HYPERLINK("https://www.google.com/maps/search/?api=1&query=%E9%B3%A5%E5%8F%96%E7%9C%8C%E7%B1%B3%E5%AD%90%E5%B8%82%20%E5%9B%BD%E9%81%93","地図") -> 地図 | H16: 人対車両 | I16: 1 | K16: 40代男性が乗用車にはねられ死亡 | L16: 確認済 | M16: NHK | N16: =HYPERLINK("https://news.web.nhk/newsweb/na/nd-20261004de54296","記事を開く") -> 記事を開く
A17: 16 | B17: 46300 | C17: 月 | D17: 山形県 | E17: 鶴岡市 | F17: 県道 | G17: =HYPERLINK("https://www.google.com/maps/search/?api=1&query=%E5%B1%B1%E5%BD%A2%E7%9C%8C%E9%B6%B4%E5%B2%A1%E5%B8%82%20%E7%9C%8C%E9%81%93","地図") -> 地図 | H17: 車両相互（3台） | I17: 1 | J17: 3 | K17: 夜、3台が関係する事故。普通乗用車を運転していた31歳の男を逮捕 | L17: 確認済 | M17: NHK | N17: =HYPERLINK("https://news.web.nhk/newsweb/na/nd-20261006de54976","記事を開く") -> 記事を開く
A18: 17 | B18: 46300 | C18: 月 | D18: 沖縄県 | E18: 那覇市 | F18: 首里末吉町・県道82号の信号のある交差点 | G18: =HYPERLINK("https://www.google.com/maps/search/?api=1&query=%E6%B2%96%E7%B8%84%E7%9C%8C%E9%82%A3%E8%A6%87%E5%B8%82%20%E9%A6%96%E9%87%8C%E6%9C%AB%E5%90%89%E7%94%BA%20%E7%9C%8C%E9%81%9382%E5%8F%B7%E3%81%AE%E4%BF%A1%E5%8F%B7%E3%81%AE%E3%81%82%E3%82%8B%E4%BA%A4%E5%B7%AE%E7%82%B9","地図") -> 地図 | H18: 車両相互（バイク同士） | I18: 1 | J18: 1 | K18: 夜、バイク同士が衝突し82歳男性が死亡、27歳男性が軽傷 | L18: 確認済 | M18: 琉球新報 | N18: =HYPERLINK("https://ryukyushimpo.jp/national/entry-5538964.html","記事を開く") -> 記事を開く
A19: 18 | B19: 46301 | C19: 火 | D19: 岐阜県 | E19: 岐阜市 | F19: 金華山ドライブウェイのヘアピンカーブ | G19: =HYPERLINK("https://www.google.com/maps/search/?api=1&query=%E5%B2%90%E9%98%9C%E7%9C%8C%E5%B2%90%E9%98%9C%E5%B8%82%20%E9%87%91%E8%8F%AF%E5%B1%B1%E3%83%89%E3%83%A9%E3%82%A4%E3%83%96%E3%82%A6%E3%82%A7%E3%82%A4%E3%81%AE%E3%83%98%E3%82%A2%E3%83%94%E3%83%B3%E3%82%AB%E3%83%BC%E3%83%96","地図") -> 地図 | H19: 車両単独（横転） | I19: 1 | J19: 1 | K19: 軽自動車が横転し、助手席の高校生1人が死亡、1人がけが | L19: 確認済 | M19: FNNプライムオンライン（Yahoo!ニュース経由） | N19: =HYPERLINK("https://news.yahoo.co.jp/articles/50988fd3cbfff6e6a97e45b98587bf9db84c27b3","記事を開く") -> 記事を開く
A20: 19 | B20: 46301 | C20: 火 | D20: 神奈川県 | E20: 鎌倉市 | F20: （場所は未確認） | G20: =HYPERLINK("https://www.google.com/maps/search/?api=1&query=%E7%A5%9E%E5%A5%88%E5%B7%9D%E7%9C%8C%E9%8E%8C%E5%80%89%E5%B8%82","地図") -> 地図 | H20: 人対車両 | I20: 1 | K20: 乗用車と衝突して2歳男児が死亡。運転の女性は「前を見ていなかった」 | L20: 見出しのみ | M20: 神奈川新聞カナロコ（記事一覧） | N20: =HYPERLINK("https://www.kanaloco.jp/news/social/case","記事を開く") -> 記事を開く | O20: 発生日は掲載日（10/6）から推定
A21: 20 | B21: 46301 | C21: 火 | D21: 静岡県 | E21: 御殿場市 | F21: 国道138号 | G21: =HYPERLINK("https://www.google.com/maps/search/?api=1&query=%E9%9D%99%E5%B2%A1%E7%9C%8C%E5%BE%A1%E6%AE%BF%E5%A0%B4%E5%B8%82%20%E5%9B%BD%E9%81%93138%E5%8F%B7","地図") -> 地図 | H21: 車両相互（大型バイクとワンボックス車） | I21: 1 | K21: 午前7時半ごろ、大型バイクが仲間のバイクに接触後、対向車線にはみ出しワンボックス車と衝突。28歳男性が死亡 | L21: 確認済 | M21: 静岡放送（Yahoo!ニュース経由） | N21: =HYPERLINK("https://news.yahoo.co.jp/articles/3b0fd061a9e7f49b11a18228d212989cc0b2a40a","記事を開く") -> 記事を開く
A22: 21 | B22: 46302 | C22: 水 | D22: 兵庫県 | E22: 伊丹市 | F22: 南本町4丁目・県道の信号交差点 | G22: =HYPERLINK("https://www.google.com/maps/search/?api=1&query=%E5%85%B5%E5%BA%AB%E7%9C%8C%E4%BC%8A%E4%B8%B9%E5%B8%82%20%E5%8D%97%E6%9C%AC%E7%94%BA4%E4%B8%81%E7%9B%AE%20%E7%9C%8C%E9%81%93%E3%81%AE%E4%BF%A1%E5%8F%B7%E4%BA%A4%E5%B7%AE%E7%82%B9","地図") -> 地図 | H22: 車両相互（右折車と直進オートバイ） | I22: 1 | K22: 午後5時20分ごろ、オートバイを運転していた57歳男性が約12時間後に死亡 | L22: 確認済 | M22: 神戸新聞NEXT | N22: =HYPERLINK("https://kobe-np.co.jp/news/richa/koutsuujiko/202610/0020905694.shtml","記事を開く") -> 記事を開く
A23: 22 | B23: 46302 | C23: 水 | D23: 兵庫県 | E23: 高砂市 | F23: 曽根町・県道（片側1車線の直線） | G23: =HYPERLINK("https://www.google.com/maps/search/?api=1&query=%E5%85%B5%E5%BA%AB%E7%9C%8C%E9%AB%98%E7%A0%82%E5%B8%82%20%E6%9B%BD%E6%A0%B9%E7%94%BA%20%E7%9C%8C%E9%81%93","地図") -> 地図 | H23: 車両相互（ミニバイクへの追突） | I23: 1 | K23: 午前11時10分ごろ、ミニバイクの75歳女性が軽トラックに追突され死亡 | L23: 確認済 | M23: 神戸新聞NEXT | N23: =HYPERLINK("https://www.kobe-np.co.jp/news/richa/koutsuujiko/202610/0020903821.shtml","記事を開く") -> 記事を開く
A24: 23 | B24: 46302 | C24: 水 | D24: 埼玉県 | E24: ふじみ野市 | F24: うれし野1丁目・県道 | G24: =HYPERLINK("https://www.google.com/maps/search/?api=1&query=%E5%9F%BC%E7%8E%89%E7%9C%8C%E3%81%B5%E3%81%98%E3%81%BF%E9%87%8E%E5%B8%82%20%E3%81%86%E3%82%8C%E3%81%97%E9%87%8E1%E4%B8%81%E7%9B%AE%20%E7%9C%8C%E9%81%93","地図") -> 地図 | H24: 車両対自転車（歩道に乗り上げ） | I24: 1 | J24: 1 | K24: 午後2時35分ごろ、乗用車が歩道に乗り上げ自転車の61歳女性が死亡。21歳の運転手を現行犯逮捕 | L24: 確認済 | M24: NHK / 日テレNEWS | N24: =HYPERLINK("https://news.web.nhk/newsweb/na/nd-20261007de56188","記事を開く") -> 記事を開く
A25: 24 | B25: 46303 | C25: 木 | D25: 北海道 | E25: 旭川市 | F25: 神楽岡6条6丁目・市道（横断歩道なし） | G25: =HYPERLINK("https://www.google.com/maps/search/?api=1&query=%E5%8C%97%E6%B5%B7%E9%81%93%E6%97%AD%E5%B7%9D%E5%B8%82%20%E7%A5%9E%E6%A5%BD%E5%B2%A16%E6%9D%A16%E4%B8%81%E7%9B%AE%20%E5%B8%82%E9%81%93","地図") -> 地図 | H25: 人対車両（横断中） | I25: 1 | K25: 80代女性が軽乗用車にはねられ死亡。53歳の運転手を現行犯逮捕 | L25: 確認済 | M25: 北海道ニュースUHB（Yahoo!ニュース経由） | N25: =HYPERLINK("https://news.yahoo.co.jp/articles/0f9db2f6fa5fe325add09fc111cb3852d3730e34","記事を開く") -> 記事を開く
A26: 25 | B26: 46303 | C26: 木 | D26: 熊本県 | E26: 熊本市 | F26: （場所は未確認） | G26: =HYPERLINK("https://www.google.com/maps/search/?api=1&query=%E7%86%8A%E6%9C%AC%E7%9C%8C%E7%86%8A%E6%9C%AC%E5%B8%82","地図") -> 地図 | H26: 車両相互 | I26: 1 | K26: 車同士が衝突し76歳女性が死亡 | L26: 見出しのみ | M26: 熊本日日新聞 | N26: =HYPERLINK("https://kumanichi.com/articles/2044555","記事を開く") -> 記事を開く | O26: 発生日は掲載日から推定
A27: 26 | B27: 46303 | C27: 木 | D27: 福岡県 | E27: 川崎町（田川郡） | F27: （場所は未確認） | G27: =HYPERLINK("https://www.google.com/maps/search/?api=1&query=%E7%A6%8F%E5%B2%A1%E7%9C%8C%E5%B7%9D%E5%B4%8E%E7%94%BA%EF%BC%88%E7%94%B0%E5%B7%9D%E9%83%A1%EF%BC%89","地図") -> 地図 | H27: 車両単独（電柱に衝突） | I27: 1 | K27: 乗用車が電柱に衝突し19歳女性が死亡 | L27: 見出しのみ | M27: 西日本新聞（速報一覧） | N27: =HYPERLINK("https://www.nishinippon.co.jp/category/kyushu/flash/","記事を開く") -> 記事を開く | O27: 発生日は掲載日から推定
A28: 27 | B28: 46303 | C28: 木 | D28: 長野県 | E28: 松本市 | F28: 信号のない交差点 | G28: =HYPERLINK("https://www.google.com/maps/search/?api=1&query=%E9%95%B7%E9%87%8E%E7%9C%8C%E6%9D%BE%E6%9C%AC%E5%B8%82%20%E4%BF%A1%E5%8F%B7%E3%81%AE%E3%81%AA%E3%81%84%E4%BA%A4%E5%B7%AE%E7%82%B9","地図") -> 地図 | H28: 車両相互（出合い頭） | I28: 1 | K28: 出合い頭に衝突し、軽トラックの84歳男性が死亡 | L28: 見出しのみ | M28: NBS長野放送（ニュース一覧） | N28: =HYPERLINK("https://www.nbs-tv.co.jp/news/","記事を開く") -> 記事を開く | O28: 発生日は掲載日から推定（前日の可能性あり）
A30: 合計 | B30: =COUNTA(D2:D28)&"件" -> 27件 | H30: 死者数計 | I30: =SUM(I2:I28) -> 29 | J30: =SUM(J2:J28) -> 19
A31: ※ 負傷者数・死者数が空欄の行は、報道で人数を確認できなかったもの（合計には含まれない）

Sheet 都道府県別
A1: 都道府県 | B1: 件数 | C1: 死者数（判明分）
A2: 北海道 | B2: =COUNTIF(事故一覧!$D$2:$D$28,A2) -> 2 | C2: =SUMIF(事故一覧!$D$2:$D$28,A2,事故一覧!$I$2:$I$28) -> 2
A3: 青森県 | B3: =COUNTIF(事故一覧!$D$2:$D$28,A3) -> 1 | C3: =SUMIF(事故一覧!$D$2:$D$28,A3,事故一覧!$I$2:$I$28) -> 1
A4: 岩手県 | B4: =COUNTIF(事故一覧!$D$2:$D$28,A4) -> 0 | C4: =SUMIF(事故一覧!$D$2:$D$28,A4,事故一覧!$I$2:$I$28) -> 0
A5: 宮城県 | B5: =COUNTIF(事故一覧!$D$2:$D$28,A5) -> 0 | C5: =SUMIF(事故一覧!$D$2:$D$28,A5,事故一覧!$I$2:$I$28) -> 0
A6: 秋田県 | B6: =COUNTIF(事故一覧!$D$2:$D$28,A6) -> 0 | C6: =SUMIF(事故一覧!$D$2:$D$28,A6,事故一覧!$I$2:$I$28) -> 0
A7: 山形県 | B7: =COUNTIF(事故一覧!$D$2:$D$28,A7) -> 1 | C7: =SUMIF(事故一覧!$D$2:$D$28,A7,事故一覧!$I$2:$I$28) -> 1
A8: 福島県 | B8: =COUNTIF(事故一覧!$D$2:$D$28,A8) -> 0 | C8: =SUMIF(事故一覧!$D$2:$D$28,A8,事故一覧!$I$2:$I$28) -> 0
A9: 茨城県 | B9: =COUNTIF(事故一覧!$D$2:$D$28,A9) -> 1 | C9: =SUMIF(事故一覧!$D$2:$D$28,A9,事故一覧!$I$2:$I$28) -> 1
A10: 栃木県 | B10: =COUNTIF(事故一覧!$D$2:$D$28,A10) -> 0 | C10: =SUMIF(事故一覧!$D$2:$D$28,A10,事故一覧!$I$2:$I$28) -> 0
A11: 群馬県 | B11: =COUNTIF(事故一覧!$D$2:$D$28,A11) -> 1 | C11: =SUMIF(事故一覧!$D$2:$D$28,A11,事故一覧!$I$2:$I$28) -> 1
A12: 埼玉県 | B12: =COUNTIF(事故一覧!$D$2:$D$28,A12) -> 1 | C12: =SUMIF(事故一覧!$D$2:$D$28,A12,事故一覧!$I$2:$I$28) -> 1
A13: 千葉県 | B13: =COUNTIF(事故一覧!$D$2:$D$28,A13) -> 1 | C13: =SUMIF(事故一覧!$D$2:$D$28,A13,事故一覧!$I$2:$I$28) -> 3
... A48: 沖縄県 | B48: =COUNTIF(事故一覧!$D$2:$D$28,A48) -> 1 | C48: =SUMIF(事故一覧!$D$2:$D$28,A48,事故一覧!$I$2:$I$28) -> 1
A49: 合計 | B49: =SUM(B2:B48) -> 27 | C49: =SUM(C2:C48) -> 29

Sheet 日別
A1: 日付 | B1: 曜日 | C1: 件数 | D1: 死者数（判明分）
A2: 46294 | B2: 火 | C2: =COUNTIF(事故一覧!$B$2:$B$28,A2) -> 2 | D2: =SUMIF(事故一覧!$B$2:$B$28,A2,事故一覧!$I$2:$I$28) -> 4
A3: 46295 | B3: 水 | C3: =COUNTIF(事故一覧!$B$2:$B$28,A3) -> 2 | D3: =SUMIF(事故一覧!$B$2:$B$28,A3,事故一覧!$I$2:$I$28) -> 2
A4: 46296 | B4: 木 | C4: =COUNTIF(事故一覧!$B$2:$B$28,A4) -> 4 | D4: =SUMIF(事故一覧!$B$2:$B$28,A4,事故一覧!$I$2:$I$28) -> 4
A5: 46297 | B5: 金 | C5: =COUNTIF(事故一覧!$B$2:$B$28,A5) -> 0 | D5: =SUMIF(事故一覧!$B$2:$B$28,A5,事故一覧!$I$2:$I$28) -> 0
A6: 46298 | B6: 土 | C6: =COUNTIF(事故一覧!$B$2:$B$28,A6) -> 2 | D6: =SUMIF(事故一覧!$B$2:$B$28,A6,事故一覧!$I$2:$I$28) -> 2
A7: 46299 | B7: 日 | C7: =COUNTIF(事故一覧!$B$2:$B$28,A7) -> 5 | D7: =SUMIF(事故一覧!$B$2:$B$28,A7,事故一覧!$I$2:$I$28) -> 5
A8: 46300 | B8: 月 | C8: =COUNTIF(事故一覧!$B$2:$B$28,A8) -> 2 | D8: =SUMIF(事故一覧!$B$2:$B$28,A8,事故一覧!$I$2:$I$28) -> 2
A9: 46301 | B9: 火 | C9: =COUNTIF(事故一覧!$B$2:$B$28,A9) -> 3 | D9: =SUMIF(事故一覧!$B$2:$B$28,A9,事故一覧!$I$2:$I$28) -> 3
A10: 46302 | B10: 水 | C10: =COUNTIF(事故一覧!$B$2:$B$28,A10) -> 3 | D10: =SUMIF(事故一覧!$B$2:$B$28,A10,事故一覧!$I$2:$I$28) -> 3
A11: 46303 | B11: 木 | C11: =COUNTIF(事故一覧!$B$2:$B$28,A11) -> 4 | D11: =SUMIF(事故一覧!$B$2:$B$28,A11,事故一覧!$I$2:$I$28) -> 4
A12: 合計 | C12: =SUM(C2:C11) -> 27 | D12: =SUM(D2:D11) -> 29

Sheet 参考（道路交通事故以外）
A1: 発生日 | B1: 都道府県 | C1: 市区町村 | D1: 場所 | E1: 区分 | F1: 概要 | G1: 出典 | H1: 出典URL
A2: 46299 | B2: 長野県 | C2: 大町市 | D2: JR大糸線の踏切 | E2: 踏切（鉄道事故） | F2: 15歳の男子中学生が列車にはねられ死亡 | G2: NHK | H2: =HYPERLINK("https://news.web.nhk/newsweb/na/nd-20261005de54398","記事を開く") -> 記事を開く
A3: 46300 | B3: 神奈川県 | C3: 横浜市 | D3: コインパーキング | E3: 駐車場内（道路外） | F3: 草刈り中の男性が車にひかれ死亡 | G3: 神奈川新聞カナロコ（記事一覧） | H3: =HYPERLINK("https://www.kanaloco.jp/news/social/case","記事を開く") -> 記事を開く
A4: 46301 | B4: 神奈川県 | C4: 藤沢市 | D4: JR東海道線の踏切 | E4: 踏切（鉄道事故） | F4: シルバーカーを押していた80歳ぐらいの女性が電車にはねられ死亡 | G4: 中日新聞Web | H4: =HYPERLINK("https://chunichi.co.jp/article/1321634","記事を開く") -> 記事を開く
A5: 46303 | B5: 北海道 | C5: 千歳市 | D5: JR千歳線 長都駅構内 | E5: 鉄道事故 | F5: 女性が列車にはねられ死亡 | G5: 北海道ニュースUHB（Yahoo!ニュース経由） | H5: =HYPERLINK("https://news.yahoo.co.jp/articles/7fb30b9e75ecfd206159127fe8dfd2e4f5581de1","記事を開く") -> 記事を開く
A6: 46303 | B6: 北海道 | C6: 苫小牧市 | D6: 一本松町・運送会社の敷地内 | E6: 作業事故 | F6: トラックのタイヤ交換中、破裂に巻き込まれたとみられ50代男性が死亡 | G6: STVニュース北海道（Yahoo!ニュース経由） | H6: =HYPERLINK("https://news.yahoo.co.jp/articles/7d3b2684f57408afa39b1ea0ea5ad798fc8e659f","記事を開く") -> 記事を開く
A7: 46303 | B7: 長野県 | C7: 山ノ内町 | D7: スキー場 | E7: 道路外（オフロードバイク） | F7: オフロードバイクの55歳男性が死亡 | G7: NBS長野放送（ニュース一覧） | H7: =HYPERLINK("https://www.nbs-tv.co.jp/news/","記事を開く") -> 記事を開く
